financial_year,category,month,cgst,sgst,igst,cess,total
2020-21,domestic,2020-04,10330.0464795,5950.921086800001,7955.9956673000015,632.3741950999998,19606.096406099994
2020-21,domestic,2020-05,18979.604221399997,12911.306727300002,16062.185497200002,5579.1226000999995,44882.66130410001
2020-21,domestic,2020-06,16146.770801499997,23970.286081899998,24593.6257843,7058.281783899999,74601.7978715
2020-21,domestic,2020-07,15905.884675999996,21418.305048200004,22267.345553099996,6458.251717099999,66290.67311989999
2020-21,domestic,2020-08,17741.0869341,21063.9932244,23085.230919199992,6542.3986538,66597.50747340001
2020-21,domestic,2020-09,19193.254735800005,23131.295346299998,25042.3626633,6335.543970000001,72250.28891369999
2020-21,domestic,2020-10,19189.2313498,25411.337570599997,29164.92065199999,7078.898096899999,80848.41105529999
2020-21,domestic,2020-11,21365.393042199998,25540.170658199993,29913.467966400003,7432.267170000002,82075.13714440003
2020-21,domestic,2020-12,21932.414225299995,27803.5747235,30375.247233399998,7608.476120199999,87152.69111930001
2020-21,domestic,2021-01,21092.255733299993,29024.645805499993,32868.64617280001,7739.308793799999,91565.01499740005
2020-21,domestic,2021-02,22973.2346975,27272.8050253,30871.289606200004,8865.243362600002,88101.59372740002
2020-21,domestic,2021-03,22973.2346975,29329.157996,31745.334619100006,7821.9752641000005,91869.7025767
2020-21,gross_revenue,2020-04,10330.0464795,5950.921086800001,20029.4956673,1125.1141951,32172.336406099996
2020-21,gross_revenue,2020-05,18979.604221399997,12911.306727300002,32702.565497200005,6207.0126001,62150.93130410001
2020-21,gross_revenue,2020-06,16146.770801499997,23970.286081899998,40302.6257843,7665.281783899999,90917.7978715
2020-21,gross_revenue,2020-07,15905.884675999996,21418.305048200004,42591.34555309999,7265.251717099999,87421.67311989999
2020-21,gross_revenue,2020-08,17741.0869341,21063.9932244,42264.230919199996,7215.3986538,86449.50747340001
2020-21,gross_revenue,2020-09,19193.254735800005,23131.295346299998,47483.9426633,7123.6639700000005,95479.98891369998
2020-21,gross_revenue,2020-10,19189.2313498,25411.337570599997,52539.570651999995,8011.288096899999,105155.45105529999
2020-21,gross_revenue,2020-11,21365.393042199998,25540.170658199993,51991.7479664,8241.747170000002,104962.89714440002
2020-21,gross_revenue,2020-12,21932.414225299995,27803.5747235,57425.5372334,8579.366120199998,115173.87111930002
2020-21,gross_revenue,2021-01,21092.255733299993,29024.645805499993,60292.64617280001,8625.5687938,119875.27499740005
2020-21,gross_revenue,2021-02,22973.2346975,27272.8050253,55253.2696062,9525.093362600002,113143.42372740002
2020-21,gross_revenue,2021-03,22973.2346975,29329.157996,62842.37461910001,8757.205264100001,123901.9725767
2021-22,domestic,2021-04,16120.040734100003,35620.66221809999,38881.81411790001,8463.697737399998,110803.51052830003
2021-22,domestic,2021-05,16331.392068,20738.81670939999,25735.105823700003,8357.238966500001,70951.2022337
2021-22,domestic,2021-06,22197.299438700004,20340.659493599996,23416.8926626,6140.022206499999,66228.9664307
2021-22,domestic,2021-07,20521.4987104,28541.239634300004,29964.091452400004,6975.2345205,87677.86504589999
2021-22,domestic,2021-08,20577.9306537,26605.141875300007,29363.449535399992,8000.2206787999985,84490.31079989999
2021-22,domestic,2021-09,23861.30474020001,26767.028026200005,31356.304174499997,8131.086257000001,86832.34911139999
2021-22,domestic,2021-10,23978.414052599994,30421.0350711,34362.353492400005,7784.885594900001,96429.57889860001
2021-22,domestic,2021-11,22577.570000000003,31127.1338291,34649.465097500004,8952.850815499998,98707.8637947
2021-22,domestic,2021-12,24869.09,28658.059999999998,31628.219999999998,8775.24,91639.08999999998
2021-22,domestic,2022-01,24435.070000000003,32239.399999999998,36983.12999999999,9159.57,103251.18999999999
2021-22,domestic,2022-02,25830.300000000003,30779.050000000003,33634.51000000001,9701.890000000001,98550.52
2021-22,domestic,2022-03,25830.300000000003,32377.62,35338.99,8435.96,101982.86999999998
2021-22,gross_revenue,2021-04,16120.040734100003,35620.66221809999,66877.9841179,9371.747737399997,139707.73052830002
2021-22,gross_revenue,2021-05,16331.392068,20738.81670939999,51736.715823700004,9225.098966500002,97820.6722337
2021-22,gross_revenue,2021-06,22197.299438700004,20340.659493599996,49179.0226626,6949.282206499999,92800.3564307
2021-22,gross_revenue,2021-07,20521.4987104,28541.239634300004,57864.07145240001,7790.0345205,116392.64504589999
2021-22,gross_revenue,2021-08,20577.9306537,26605.141875300007,56247.089535399995,8646.330678799999,112020.06079989999
2021-22,gross_revenue,2021-09,23861.30474020001,26767.028026200005,60911.274174499995,8753.726257,117009.95911139999
2021-22,gross_revenue,2021-10,23978.414052599994,30421.0350711,67360.5734924,8483.7855949,130126.6988986
2021-22,gross_revenue,2021-11,22577.570000000003,31127.1338291,66814.9050975,9605.530815499998,131525.9837947
2021-22,gross_revenue,2021-12,24869.09,28658.059999999998,69155.22,9389.24,129780.08999999998
2021-22,gross_revenue,2022-01,24435.070000000003,32239.399999999998,74182.12999999999,9695.57,140986.19
2021-22,gross_revenue,2022-02,25830.300000000003,30779.050000000003,67471.51000000001,10339.94,133025.57
2021-22,gross_revenue,2022-03,25830.300000000003,32377.62,74469.98999999999,9416.96,142094.87
2022-23,domestic,2022-04,25036.120000000003,41793.17999999999,45233.81000000001,9792.28,129978.16999999994
2022-23,domestic,2022-05,25305.850000000002,32001.300000000007,35875.94999999999,9571.29,102484.65999999996
2022-23,domestic,2022-06,25750.74,32406.149999999998,35784.64000000001,9820.55,103317.19
2022-23,domestic,2022-07,24710.11,32806.57,38098.259999999995,9924.96,106580.53000000001
2022-23,domestic,2022-08,25271.110000000004,30950.7,35714.990000000005,9150.67,100526.47000000002
2022-23,domestic,2022-09,26039.360000000004,31813.449999999997,39248.95,9281.55,105615.05999999998
2022-23,domestic,2022-10,25681.490000000005,33395.63,44480.54999999999,9680.23,113595.77
2022-23,domestic,2022-11,26710.59,32650.59999999999,38467.770000000004,9615.970000000001,106415.82999999999
2022-23,domestic,2022-12,29051.110000000008,33357.05000000001,38171.55000000001,10155.11,108394.3
2022-23,domestic,2023-01,27662.169999999995,36846.70999999999,42561.04999999999,9863.409999999996,118322.27999999998
2022-23,domestic,2023-02,29545.520000000004,34915.42,39379.840000000004,11138.680000000004,113096.11
2022-23,domestic,2023-03,29545.520000000004,37314.47999999999,40403.89,9395.02,116658.90999999997
2022-23,gross_revenue,2022-04,25036.120000000003,41793.17999999999,81938.81000000001,10649.28,167540.16999999993
2022-23,gross_revenue,2022-05,25305.850000000002,32001.300000000007,73344.94999999998,10502.29,140884.65999999997
2022-23,gross_revenue,2022-06,25750.74,32406.149999999998,75886.64000000001,11017.55,144616.19
2022-23,gross_revenue,2022-07,24710.11,32806.57,79518.26,10919.96,148995.53000000003
2022-23,gross_revenue,2022-08,25271.110000000004,30950.7,77782.45000000001,10168.380000000001,143611.64
2022-23,gross_revenue,2022-09,26039.360000000004,31813.449999999997,80464.32999999999,10137.48,147686.37
2022-23,gross_revenue,2022-10,25681.490000000005,33395.63,81777.87999999999,10505.49,151718.36000000002
2022-23,gross_revenue,2022-11,26710.59,32650.59999999999,77102.51000000001,10432.670000000002,145867.27
2022-23,gross_revenue,2022-12,29051.110000000008,33357.05000000001,78434.07,11005.050000000001,149506.76
2022-23,gross_revenue,2023-01,27662.169999999995,36846.70999999999,80994.62999999999,10661.739999999996,157554.19
2022-23,gross_revenue,2023-02,29545.520000000004,34915.42,75068.72,11930.830000000004,149577.14
2022-23,gross_revenue,2023-03,29545.520000000004,37314.47999999999,82907.2,10354.78,160121.97999999998
2023-24,domestic,2023-04,28410.67,47411.530000000006,54186.00999999999,11123.95,151161.71
2023-24,domestic,2023-05,31012.699999999993,35827.94,39591.070000000014,10431.4,114261.08000000003
2023-24,domestic,2023-06,29773.329999999994,38292.46,41256.40999999999,10871.999999999996,121433.56999999999
2023-24,domestic,2023-07,28328.35,37622.65,44691.38,10939.080000000004,123026.44000000003
2023-24,domestic,2023-08,29818.490000000005,35794.04,39701.049999999996,10679.220000000001,114502.66
2023-24,domestic,2023-09,30061.84,37657.169999999984,42477.350000000006,10732.79,120685.8
2023-24,domestic,2023-10,30419.5,38171.3,49187.700000000004,11161.599999999999,128582.43999999999
2023-24,domestic,2023-11,30443.309999999998,38225.94,47810.450000000004,11238.68,127694.56999999996
2023-24,domestic,2023-12,32684.850000000002,37935.17000000001,42721.350000000006,11169.930000000002,122269.76
2023-24,domestic,2024-01,31785.280000000002,40895.240000000005,48951.59000000001,11172.94,133704.61999999997
2023-24,domestic,2024-02,34531.88999999999,39615.450000000004,45504.81000000002,11854.36,128759.90000000002
2023-24,domestic,2024-03,34531.88999999999,43746.12999999999,47624.68,11263.249999999998,137165.94999999998
2023-24,gross_revenue,2023-04,28410.67,47411.530000000006,89158.35999999999,12024.84,187034.94999999998
2023-24,gross_revenue,2023-05,31012.699999999993,35827.94,81362.64000000001,11488.73,157089.98000000004
2023-24,gross_revenue,2023-06,29773.329999999994,38292.46,80291.70999999999,11899.979999999996,161496.85
2023-24,gross_revenue,2023-07,28328.35,37622.65,85930.06,11779.280000000004,165105.32000000004
2023-24,gross_revenue,2023-08,29818.490000000005,35794.04,83251.42,11695.060000000001,159068.87
2023-24,gross_revenue,2023-09,30061.84,37657.169999999984,83622.75,11613.330000000002,162711.74
2023-24,gross_revenue,2023-10,30419.5,38171.3,91314.57,12455.609999999999,172003.32
2023-24,gross_revenue,2023-11,30443.309999999998,38225.94,87008.82,12274.5,167928.75999999995
2023-24,gross_revenue,2023-12,32684.850000000002,37935.17000000001,84254.88,12248.880000000003,164882.24
2023-24,gross_revenue,2024-01,31785.280000000002,40895.240000000005,88549.72,11976.29,174106.09999999998
2023-24,gross_revenue,2024-02,34531.88999999999,39615.450000000004,84098.18000000002,12838.550000000001,168337.46000000002
2023-24,gross_revenue,2024-03,34531.88999999999,43746.12999999999,87946.80821494,12258.780156499997,178483.60837143997
2024-25,domestic,2024-04,32409.039999999997,53538.310000000005,61796.7,12252.039999999994,171432.56999999995
2024-25,domestic,2024-05,32627.160000000003,40265.36,47901.70999999999,11207.210000000001,131783.32000000004
2024-25,domestic,2024-06,32386.310000000005,40714.72999999998,47269.89,12188.300000000003,132800.08
2024-25,domestic,2024-07,30862.02,40289.389999999985,49437.26000000002,11923.369999999999,134036.33
2024-25,domestic,2024-08,31421.52,38410.84999999999,44592.94,11119.650000000001,124985.46000000004
2024-25,domestic,2024-09,33821.13999999999,39282.92999999999,46086.73000000001,11058.65,127849.83
2024-25,domestic,2024-10,34140.96,41863.56999999999,54878.150000000016,11687.82,142250.68000000002
2024-25,domestic,2024-11,32836.23,43046.84999999999,50092.719999999994,12397.630000000001,139678.16000000003
2024-25,domestic,2024-12,36076.96000000001,40498.94000000001,47782.97000000001,11470.8,132588.94
2024-25,domestic,2025-01,35204.399999999994,44941.75,53622.65,12482.920000000002,147124.28000000006
2024-25,domestic,2025-02,38144.5,43704.049999999996,50048.81000000001,12987.459999999997,141944.72000000003
2024-25,domestic,2025-03,38144.5,49890.799999999996,50071.01000000001,11115.87,149222.18
2024-25,gross_revenue,2024-04,32409.039999999997,53538.310000000005,99623.19532065,13260.059264699994,210267.08458534995
2024-25,gross_revenue,2024-05,32627.160000000003,40265.36,87780.9656121,12283.529923400001,172738.89553550002
2024-25,gross_revenue,2024-06,32386.310000000005,40714.72999999998,87310.25274910001,13160.322889300003,173812.4656384
2024-25,gross_revenue,2024-07,30862.02,40289.389999999985,96446.64136550002,12952.869109599998,182075.2104751
2024-25,gross_revenue,2024-08,31421.52,38410.84999999999,93620.77168440001,12067.919746800002,174961.56143120004
2024-25,gross_revenue,2024-09,33821.13999999999,39282.92999999999,90594.1668678,11941.4404872,173240.057355
2024-25,gross_revenue,2024-10,34140.96,41863.56999999999,99111.44874800002,12550.3173313,187346.47607930002
2024-25,gross_revenue,2024-11,32836.23,43046.84999999999,91828.24643095,13252.972601200001,182269.02903215005
2024-25,gross_revenue,2024-12,36076.96000000001,40498.94000000001,91220.58907199501,12300.835859399998,176856.594931395
2024-25,gross_revenue,2025-01,35204.399999999994,44941.75,101075.31169870001,13411.959094500002,195505.98079320005
2024-25,gross_revenue,2025-02,38144.5,43704.049999999996,90870.18116553001,13867.805401799997,183646.43656733003
2024-25,gross_revenue,2025-03,38144.5,49890.799999999996,95853.32585830001,12252.5745821,196141.2004404
2025-26,domestic,2025-04,35433.75,43901.59000000001,69504.38,,177510.54
2025-26,domestic,2025-05,34557.63,43267.869999999995,58766.679999999986,,138102.01999999996
2025-26,domestic,2025-06,35470.01,44059.16999999999,48680.179999999986,,126505.68000000004
2025-26,domestic,2025-07,34076.09,42854.490000000005,51910.210000000014,,131439.39
2025-26,domestic,2025-08,33645.53,41835.65000000001,48639.280000000006,,125569.86
2025-26,domestic,2025-09,36547.30000000001,45134.090000000004,49852.89,,125334.07000000002
2025-26,domestic,2025-10,34843.30000000001,42522.41999999999,55646.84,,137328.22999999992
2025-26,domestic,2025-11,34288.74,41367.70000000001,46933.87000000001,,124299.59
2025-26,domestic,2025-12,38791.83000000001,47817.46,46917.26999999998,,122573.71
2025-26,domestic,2026-01,37472.479999999996,45900.409999999996,54522.47,,141131.76000000004
2025-26,domestic,2026-02,37472.479999999996,45900.409999999996,52399.369999999995,,135772.26
2025-26,gross_revenue,2025-04,35433.75,43901.59000000001,115258.38,,223264.54
2025-26,gross_revenue,2025-05,34557.63,43267.869999999995,108836.39108929998,,188171.73108929995
2025-26,gross_revenue,2025-06,35470.01,44059.16999999999,93279.696060327,,171105.19606032706
2025-26,gross_revenue,2025-07,34076.09,42854.490000000005,103536.05925418001,,183065.23925418002
2025-26,gross_revenue,2025-08,33645.53,41835.65000000001,97185.770319204,,174116.350319204
2025-26,gross_revenue,2025-09,36547.30000000001,45134.090000000004,101883.414295491,,177364.59429549103
2025-26,gross_revenue,2025-10,34843.30000000001,42522.41999999999,106443.234906131,,188124.62490613092
2025-26,gross_revenue,2025-11,34288.74,41367.70000000001,92910.04710820001,,170275.7671082
2025-26,gross_revenue,2025-12,38791.83000000001,47817.46,98893.84973637998,,174550.28973638001
2025-26,gross_revenue,2026-01,37472.479999999996,45900.409999999996,106775.12626515099,,193384.41626515103
2025-26,gross_revenue,2026-02,37472.479999999996,45900.409999999996,100236.38673972499,,183609.276739725
